Building,Ticker,RecipeID,WfCst,Deprec,Area,AllBuildCst,Output1CNT,Output1MAT,Output2CNT,Output2MAT,Output3CNT,Output3MAT,Input1CNT,Input1MAT,Input2CNT,Input2MAT,Input3CNT,Input3MAT,Input4CNT,Input4MAT,Input5CNT,Input5MAT,Input6CNT,Input6MAT,Input7CNT,Input7MAT,Input8CNT,Input8MAT,Input9CNT,Input9MAT,Input10CNT,Input10MAT,RecipP/D,Runs P/D,Output P/D,AreaPerOutput
AAF,NV2,NV2,18566,7598,60,1468840,1,NV2,,,,,1,BMF,1,SNM,,,,,,,,,,,,,,,,,1.25000,0.80000,0.80000,75.00000
AAF,CRU,CRU,20423,8358,60,1468840,1,CRU,,,,,1,CST,10,ES,3,FC,6,FLP,1,PCB,1,SAR,1,WAI,,,,,,,1.37500,0.72727,0.72727,82.50000
AAF,TAC,TAC,22280,9118,60,1468840,1,TAC,,,,,1,BMF,1,DA,1,SA,,,,,,,,,,,,,,,1.50000,0.66667,0.66667,90.00000
AAF,CC,CC,22280,9118,60,1468840,1,CC,,,,,8,FC,100,GV,1,PCB,10,SAR,20,THF,1,WAI,,,,,,,,,1.50000,0.66667,0.66667,90.00000
AAF,STS,STS,18566,7598,60,1468840,1,STS,,,,,1,TPU,1,WAI,,,,,,,,,,,,,,,,,1.25000,0.80000,0.80000,75.00000
AML,BOS,BOS,2162,1909,53,1270264,4,BOS,,,,,4,AL,1,BOR,1,SI,,,,,,,,,,,,,,,0.31250,3.20000,12.80000,4.10938
AML,BE,BE,432,382,53,1270264,1,BE,1,AL,1,SIO,2,BER,,,,,,,,,,,,,,,,,,,0.06250,16.00000,16.00000,3.28750
AML,TA,TA,2811,2481,53,1270264,1,TA,1,FE,,,2,TAI,,,,,,,,,,,,,,,,,,,0.40625,2.46154,2.46154,21.36875
AML,ZR,ZR,2595,2290,53,1270264,1,ZR,2,SIO,,,2,ZIR,,,,,,,,,,,,,,,,,,,0.37500,2.66667,2.66667,19.72500
AML,W,W,2595,2290,53,1270264,1,W,,,,,5,BTS,,,,,,,,,,,,,,,,,,,0.37500,2.66667,2.66667,19.72500
APF,WR,WR,7579,7365,52,1423032,1,WR,,,,,1,AWF,1,FC,12,FLP,1,PCB,1,SEN,1,WAI,,,,,,,,,1.06250,0.94118,0.94118,54.82500
APF,LOG,LOG,4012,3899,52,1423032,1,LOG,,,,,1,BMF,1,LD,1,SAL,,,,,,,,,,,,,,,0.56250,1.77778,1.77778,29.02500
APF,COM,COM,3344,3249,52,1423032,1,COM,,,,,1,AAR,1,BWS,4,RAD,,,,,,,,,,,,,,,0.46875,2.13333,2.13333,24.18750
APF,RCS,RCS,8917,8665,52,1423032,1,RCS,,,,,1,BWS,1,DA,1,OS,1,SAR,,,,,,,,,,,,,1.25000,0.80000,0.80000,64.50000
APF,ADS,ADS,4458,4333,52,1423032,1,ADS,,,,,1,BWS,1,OS,8,TRA,,,,,,,,,,,,,,,0.62500,1.60000,1.60000,32.25000
APF,WS,WS,8025,7799,52,1423032,20,WS,,,,,1,BWS,1,DA,,,,,,,,,,,,,,,,,1.12500,0.88889,17.77778,2.90250
APF,AIR,AIR,11146,10831,52,1423032,1,AIR,,,,,1,BAC,1,FC,1,GV,1,H2O,1,HCP,1,NS,1,PCB,1,SAR,1,WAI,,,1.56250,0.64000,0.64000,80.62500
APF,ACS,ACS,2675,2600,52,1423032,1,ACS,,,,,1,FC,1,SAR,10,THF,1,WAI,,,,,,,,,,,,,0.37500,2.66667,2.66667,19.35000
APF,LIS,LIS,11146,10831,52,1423032,1,LIS,,,,,1,AIR,1,BMF,1,WAI,1,WR,,,,,,,,,,,,,1.56250,0.64000,0.64000,80.62500
APF,NV1,NV1,6687,6499,52,1423032,1,NV1,,,,,1,SNM,1,WS,,,,,,,,,,,,,,,,,0.93750,1.06667,1.06667,48.37500
APF,PDA,PDA,2675,2600,52,1423032,32,PDA,,,,,2,HPC,1,LD,,,,,,,,,,,,,,,,,0.37500,2.66667,85.33333,0.60469
APF,FFC,FFC,11146,10831,52,1423032,1,FFC,,,,,1,BMF,1,DA,5,W,1,WAI,,,,,,,,,,,,,1.56250,0.64000,0.64000,80.62500
ASM,AST,AST,1648,153,44,272100,4,AST,,,,,1,AL,3,TI,,,,,,,,,,,,,,,,,0.25000,4.00000,16.00000,2.76250
ASM,FET,FET,1648,153,44,272100,4,FET,,,,,1,FE,3,TI,,,,,,,,,,,,,,,,,0.25000,4.00000,16.00000,2.76250
ASM,WAL,WAL,1648,153,44,272100,4,WAL,,,,,3,AL,1,W,,,,,,,,,,,,,,,,,0.25000,4.00000,16.00000,2.76250
ASM,CTF,CTF,1648,153,44,272100,1,CTF,,,,,1,O,1,SI,2,WAL,,,,,,,,,,,,,,,0.25000,4.00000,4.00000,11.05000
ASM,FAL,FAL,1648,153,44,272100,6,FAL,,,,,3,AL,3,FE,,,,,,,,,,,,,,,,,0.25000,4.00000,24.00000,1.84167
BMP,OVE,OVE_1,658,52,22,44510,20,OVE,,,,,100,PE,25,PG,,,,,,,,,,,,,,,,,0.37500,2.66667,53.33333,0.41250
BMP,EXO,EXO_1,186,15,22,44510,10,EXO,,,,,1,AL,1,MFK,10,OVE,,,,,,,,,,,,,,,0.10625,9.41176,94.11765,0.23375
BMP,EXO,EXO_2,165,13,22,44510,10,EXO,,,,,1,AL,10,OVE,1,SWF,,,,,,,,,,,,,,,0.09375,10.66667,106.66667,0.20625
BMP,EXO,EXO_3,219,17,22,44510,10,EXO,,,,,1,AL,10,OVE,,,,,,,,,,,,,,,,,0.12500,8.00000,80.00000,0.27500
BMP,PE,PE,307,24,22,44510,200,PE,,,,,1,C,2,H,,,,,,,,,,,,,,,,,0.17500,5.71429,1142.85714,0.01925
BMP,OVE,OVE_2,329,26,22,44510,30,OVE,,,,,1,COT,10,PG,,,,,,,,,,,,,,,,,0.18750,5.33333,160.00000,0.13750
BMP,PWO,PWO,329,26,22,44510,20,PWO,,,,,1,COT,50,PG,,,,,,,,,,,,,,,,,0.18750,5.33333,106.66667,0.20625
BMP,REP,REP,274,21,22,44510,4,REP,,,,,10,INS,1,MFK,1,SFK,,,,,,,,,,,,,,,0.15625,6.40000,25.60000,0.85938
BMP,MG,MG,132,10,22,44510,6,MG,,,,,1,MGS,,,,,,,,,,,,,,,,,,,0.07500,13.33333,80.00000,0.27500
BMP,OVE,OVE_3,329,26,22,44510,20,OVE,,,,,50,PE,1,RCO,,,,,,,,,,,,,,,,,0.18750,5.33333,106.66667,0.20625
BMP,SEA,SEA,329,26,22,44510,30,SEA,,,,,30,PG,1,S,1,SI,,,,,,,,,,,,,,,0.18750,5.33333,160.00000,0.13750
BMP,PT,PT_1,384,30,22,44510,7,PT,,,,,1,STL,1,TRN,,,,,,,,,,,,,,,,,0.21875,4.57143,32.00000,0.68750
BMP,PT,PT_2,384,30,22,44510,15,PT,,,,,1,STL,1,W,,,,,,,,,,,,,,,,,0.21875,4.57143,68.57143,0.32083
BMP,PT,PT_3,384,30,22,44510,6,PT,,,,,2,SFK,1,STL,,,,,,,,,,,,,,,,,0.21875,4.57143,27.42857,0.80208
BMP,PT,PT_4,384,30,22,44510,5,PT,,,,,1,STL,,,,,,,,,,,,,,,,,,,0.21875,4.57143,22.85714,0.96250
BMP,SUN,SUN,219,17,22,44510,20,SUN,,,,,10,C,20,OVE,,,,,,,,,,,,,,,,,0.12500,8.00000,160.00000,0.13750
BMP,OFF,OFF,219,17,22,44510,50,OFF,,,,,20,EPO,20,PG,,,,,,,,,,,,,,,,,0.12500,8.00000,400.00000,0.05500
BMP,I,I,219,17,22,44510,1,I,,,,,3,CLI,,,,,,,,,,,,,,,,,,,0.12500,8.00000,8.00000,2.75000
BMP,MCG,MCG,274,21,22,44510,50,MCG,,,,,4,LST,2,SIO,,,,,,,,,,,,,,,,,0.15625,6.40000,320.00000,0.06875
BMP,STR,STR,329,26,22,44510,2,STR,,,,,4,AL,50,PE,,,,,,,,,,,,,,,,,0.18750,5.33333,10.66667,2.06250
CHP,PFE,PFE,1080,61,27,36294,10,PFE,,,,,10,AMM,4,REA,,,,,,,,,,,,,,,,,0.50000,2.00000,20.00000,1.36000
CHP,SOI,SOI,1351,76,27,36294,16,SOI,,,,,20,BRM,10,CLI,,,,,,,,,,,,,,,,,0.62500,1.60000,25.60000,1.06250
CHP,FLX,FLX,675,38,27,36294,10,FLX,,,,,1,LST,,,,,,,,,,,,,,,,,,,0.31250,3.20000,32.00000,0.85000
CHP,CA,CA,405,23,27,36294,1,CA,,,,,1,LST,,,,,,,,,,,,,,,,,,,0.18750,5.33333,5.33333,5.10000
CHP,IND,IND,540,30,27,36294,1,IND,,,,,1,CU,1,MG,1,S,,,,,,,,,,,,,,,0.25000,4.00000,4.00000,6.80000
CHP,NAB,NAB,405,23,27,36294,20,NAB,,,,,1,BOR,5,H,1,NA,,,,,,,,,,,,,,,0.18750,5.33333,106.66667,0.25500
CHP,LCR,LCR,878,49,27,36294,1,LCR,,,,,1,O,1,SI,,,,,,,,,,,,,,,,,0.40625,2.46154,2.46154,11.05000
CHP,REA,REA,945,53,27,36294,10,REA,,,,,25,BRM,,,,,,,,,,,,,,,,,,,0.43750,2.28571,22.85714,1.19000
CHP,SC,SC,878,49,27,36294,20,SC,,,,,2,CA,1,MG,1,TA,,,,,,,,,,,,,,,0.40625,2.46154,49.23077,0.55250
CHP,NS,NS,270,15,27,36294,4,NS,,,,,2,H2O,1,LST,2,N,,,,,,,,,,,,,,,0.12500,8.00000,32.00000,0.85000
CHP,CL,CL,783,44,27,36294,1,CL,2,NA,,,1,H2O,3,HAL,,,,,,,,,,,,,,,,,0.36250,2.75862,2.75862,9.86000
CHP,MED,MED,1080,61,27,36294,16,MED,,,,,1,AL,4,COT,1,HER,50,PE,,,,,,,,,,,,,0.50000,2.00000,32.00000,0.85000
CHP,OLF,OLF,540,30,27,36294,6,OLF,,,,,10,REA,6,VEG,,,,,,,,,,,,,,,,,0.25000,4.00000,24.00000,1.13333
CLF,HMS,HMS,528,164,42,74380,10,HMS,,,,,6,GC,1,IND,1,NL,,,,,,,,,,,,,,,0.43750,2.28571,22.85714,1.82875
CLF,LC,LC,603,187,42,74380,10,LC,,,,,1,BLE,10,HD,10,PCB,2,SIL,,,,,,,,,,,,,0.50000,2.00000,20.00000,2.09000
CLF,HSS,HSS,754,234,42,74380,20,HSS,,,,,1,BLE,5,NL,5,PCB,5,SEN,,,,,,,,,,,,,0.62500,1.60000,32.00000,1.30625
CLR,NFI,NFI,782,363,32,154858,1200,NFI,,,,,10,C,2,SI,,,,,,,,,,,,,,,,,0.50000,2.00000,2400.00000,0.01338
CLR,TRN,TRN,244,114,32,154858,10,TRN,,,,,1,AL,1,SI,,,,,,,,,,,,,,,,,0.15625,6.40000,64.00000,0.50156
CLR,TRA,TRA,196,91,32,154858,1,TRA,,,,,1,CAP,1,SWF,1,TRN,,,,,,,,,,,,,,,0.12500,8.00000,8.00000,4.01250
CLR,NCS,NCS,587,272,32,154858,100,NCS,,,,,1,C,,,,,,,,,,,,,,,,,,,0.37500,2.66667,266.66667,0.12038
CLR,LDI,LDI,342,159,32,154858,6,LDI,,,,,1,GAL,1,SI,,,,,,,,,,,,,,,,,0.21875,4.57143,27.42857,1.17031
CLR,SWF,SWF,489,227,32,154858,30,SWF,,,,,1,AL,1,SI,,,,,,,,,,,,,,,,,0.31250,3.20000,96.00000,0.33438
CLR,CAP,CAP,391,182,32,154858,15,CAP,,,,,1,FE,1,SI,,,,,,,,,,,,,,,,,0.25000,4.00000,60.00000,0.53500
CLR,SFE,SFE,196,91,32,154858,1,SFE,,,,,1,CBS,2,CF,,,,,,,,,,,,,,,,,0.12500,8.00000,8.00000,4.01250
CLR,MTC,MTC,391,182,32,154858,2,MTC,,,,,2,NCS,,,,,,,,,,,,,,,,,,,0.25000,4.00000,8.00000,4.01250
CLR,MWF,MWF,489,227,32,154858,20,MWF,,,,,2,AL,2,SI,,,,,,,,,,,,,,,,,0.31250,3.20000,64.00000,0.50156
CLR,MFE,MFE,391,182,32,154858,1,MFE,,,,,1,CBM,4,CF,,,,,,,,,,,,,,,,,0.25000,4.00000,4.00000,8.02500
COL,,,137,23,20,36125,,,,,,,,,,,,,,,,,,,,,,,,,,,0.15625,6.40000,0.00000,#DIV/0!
DRS,CCD,CCD,1892,810,39,615388,1,CCD,,,,,1,BSC,1,DCH,,,,,,,,,,,,,,,,,0.31250,3.20000,3.20000,12.12500
DRS,DCH,DCH,1059,453,39,615388,1,DCH,,,,,1,DRF,1,MPC,1,POW,1,SOL,,,,,,,,,,,,,0.17500,5.71429,5.71429,6.79000
DRS,SUD,SUD,2270,972,39,615388,1,SUD,,,,,1,BSC,1,DCH,1,SAR,,,,,,,,,,,,,,,0.37500,2.66667,2.66667,14.55000
DRS,RED,RED,1892,810,39,615388,1,RED,,,,,1,DCH,1,SAR,,,,,,,,,,,,,,,,,0.31250,3.20000,3.20000,12.12500
DRS,SRD,SRD,1892,810,39,615388,1,SRD,,,,,1,DCH,1,SAR,2,UTS,,,,,,,,,,,,,,,0.31250,3.20000,3.20000,12.12500
DRS,SDR,SDR,2648,1134,39,615388,1,SDR,,,,,1,BSC,1,DCH,1,SEQ,,,,,,,,,,,,,,,0.43750,2.28571,2.28571,16.97500
DRS,DRF,DRF_1,757,324,39,615388,1,DRF,,,,,1,DCS,50,NFI,,,,,,,,,,,,,,,,,0.12500,8.00000,8.00000,4.85000
ECA,CBL,CBL,526,810,40,496204,1,CBL,,,,,12,BE,60,HCC,12,LI,150,PG,,,,,,,,,,,,,0.31250,3.20000,3.20000,12.56250
ECA,POW,POW,210,324,40,496204,1,POW,,,,,4,LI,1,NCS,,,,,,,,,,,,,,,,,0.12500,8.00000,8.00000,5.02500
ECA,SOL,SOL,210,324,40,496204,12,SOL,,,,,4,BCO,1,BRO,2,CU,2,SI,,,,,,,,,,,,,0.12500,8.00000,96.00000,0.41875
ECA,FIR,FIR,3683,5668,40,496204,1,FIR,,,,,1,ACS,8,AFR,10,CTF,4,EES,1,RCS,10,WAL,,,,,,,,,2.18750,0.45714,0.45714,87.93750
ECA,RAG,RAG,2630,4049,40,496204,1,RAG,,,,,1,ACS,8,AST,4,BFR,6,CF,4,ETC,1,RCS,,,,,,,,,1.56250,0.64000,0.64000,62.81250
ECA,CBS,CBS,316,486,40,496204,1,CBS,,,,,20,BCO,6,BE,6,LI,60,PG,,,,,,,,,,,,,0.18750,5.33333,5.33333,7.53750
ECA,SP,SP,316,486,40,496204,12,SP,,,,,8,GL,24,SOL,,,,,,,,,,,,,,,,,0.18750,5.33333,64.00000,0.62813
ECA,CBM,CBM,421,648,40,496204,1,CBM,,,,,8,BE,40,BGC,8,LI,120,PG,,,,,,,,,,,,,0.25000,4.00000,4.00000,10.05000
EDM,SCN,SCN,1131,512,36,131680,8,SCN,,,,,4,CU,100,PE,,,,,,,,,,,,,,,,,0.75000,1.33333,10.66667,3.37500
EDM,HOG,HOG,283,128,36,131680,1,HOG,,,,,1,DCS,1,HD,1,NG,,,,,,,,,,,,,,,0.18750,5.33333,5.33333,6.75000
EDM,RAD,RAD,189,85,36,131680,1,RAD,,,,,1,DCS,1,POW,1,SFK,,,,,,,,,,,,,,,0.12500,8.00000,8.00000,4.50000
EDM,MHP,MHP,189,85,36,131680,1,MHP,,,,,1,PCB,1,TRA,,,,,,,,,,,,,,,,,0.12500,8.00000,8.00000,4.50000
EDM,BID,BID,283,128,36,131680,2,BID,,,,,2,CD,1,KV,2,SAR,,,,,,,,,,,,,,,0.18750,5.33333,10.66667,3.37500
EEP,EES,EES,19360,2662,117,1291820,1,EES,,,,,1,ES,4,FLX,4,REA,,,,,,,,,,,,,,,0.75000,1.33333,1.33333,87.60000
EEP,ES,ES,8067,1109,117,1291820,10,ES,,,,,1,LES,,,,,,,,,,,,,,,,,,,0.31250,3.20000,32.00000,3.65000
ELP,SAR,SAR,905,832,41,410428,1,SAR,,,,,4,PCB,16,SEN,,,,,,,,,,,,,,,,,0.41875,2.38806,2.38806,17.00125
ELP,CD,CD,905,832,41,410428,1,CD,,,,,2,BCO,1,DIS,,,,,,,,,,,,,,,,,0.41875,2.38806,2.38806,17.00125
ELP,AAR,AAR,905,832,41,410428,3,AAR,,,,,2,AU,1,KV,4,PCB,6,SWF,,,,,,,,,,,,,0.41875,2.38806,7.16418,5.66708
ELP,AWF,AWF,878,808,41,410428,5,AWF,,,,,10,BAC,1,MAG,10,PE,,,,,,,,,,,,,,,0.40625,2.46154,12.30769,3.29875
ELP,BWS,BWS,675,621,41,410428,1,BWS,,,,,1,DCM,1,HD,1,MB,,,,,,,,,,,,,,,0.31250,3.20000,3.20000,12.68750
ELP,HPC,HPC,473,435,41,410428,1,HPC,,,,,1,CD,1,DCS,1,MB,,,,,,,,,,,,,,,0.21875,4.57143,4.57143,8.88125
ELP,BMF,BMF,945,870,41,410428,1,BMF,,,,,1,DCL,1,FAN,1,MB,1,TPU,,,,,,,,,,,,,0.43750,2.28571,2.28571,17.76250
ELP,LFE,LFE,675,621,41,410428,1,LFE,,,,,1,CBL,3,CTF,,,,,,,,,,,,,,,,,0.31250,3.20000,3.20000,12.68750
EXT,,,329,46,31,38102,,,,,,,,,,,,,,,,,,,,,,,,,,,0.31250,3.20000,0.00000,#DIV/0!
FER,VIT,VIT,905,149,32,64250,20,VIT,,,,,1,AMM,1,CA,10,DW,1,I,4,PIB,,,,,,,,,,,0.50000,2.00000,40.00000,0.80500
FER,WIN,WIN,905,149,32,64250,10,WIN,,,,,1,AMM,20,DW,15,GRA,15,REA,,,,,,,,,,,,,0.50000,2.00000,20.00000,1.61000
FER,GIN,GIN,735,121,32,64250,4,GIN,,,,,1,AMM,2,DW,1,ES,2,GRN,,,,,,,,,,,,,0.40625,2.46154,9.84615,3.27031
FER,ALE,ALE,724,120,32,64250,6,ALE,,,,,1,AMM,3,DW,2,GRN,1,HOP,,,,,,,,,,,,,0.40000,2.50000,15.00000,2.14667
FER,KOM,KOM,396,65,32,64250,6,KOM,,,,,1,AMM,4,DW,1,HER,,,,,,,,,,,,,,,0.21875,4.57143,27.42857,1.17396
FP,DW,DW_1,88,14,16,27528,10,DW,,,,,10,H2O,1,PG,,,,,,,,,,,,,,,,,0.12500,8.00000,80.00000,0.20000
FP,DW,DW_2,44,7,16,27528,7,DW,,,,,10,H2O,,,,,,,,,,,,,,,,,,,0.06250,16.00000,112.00000,0.14286
FP,PPA,PPA_1,219,34,16,27528,6,PPA,,,,,1,ALG,1,BEA,1,H2O,,,,,,,,,,,,,,,0.31250,3.20000,19.20000,0.83333
FP,COF,COF,132,20,16,27528,3,COF,,,,,1,CAF,3,DW,,,,,,,,,,,,,,,,,0.18750,5.33333,16.00000,1.00000
FP,RAT,RAT_1,110,17,16,27528,10,RAT,,,,,1,ALG,1,GRN,1,NUT,,,,,,,,,,,,,,,0.15625,6.40000,64.00000,0.25000
FP,RAT,RAT_2,110,17,16,27528,10,RAT,,,,,1,ALG,1,GRN,1,VEG,,,,,,,,,,,,,,,0.15625,6.40000,64.00000,0.25000
FP,RAT,RAT_3,110,17,16,27528,10,RAT,,,,,1,BEA,1,GRN,1,NUT,,,,,,,,,,,,,,,0.15625,6.40000,64.00000,0.25000
FP,RAT,RAT_4,110,17,16,27528,10,RAT,,,,,1,BEA,1,GRN,1,VEG,,,,,,,,,,,,,,,0.15625,6.40000,64.00000,0.25000
FP,RAT,RAT_5,110,17,16,27528,10,RAT,,,,,1,ALG,1,MAI,1,NUT,,,,,,,,,,,,,,,0.15625,6.40000,64.00000,0.25000
FP,RAT,RAT_6,110,17,16,27528,10,RAT,,,,,1,ALG,1,MAI,1,VEG,,,,,,,,,,,,,,,0.15625,6.40000,64.00000,0.25000
FP,RAT,RAT_7,110,17,16,27528,10,RAT,,,,,1,BEA,1,MAI,1,NUT,,,,,,,,,,,,,,,0.15625,6.40000,64.00000,0.25000
FP,RAT,RAT_8,110,17,16,27528,10,RAT,,,,,1,BEA,1,MAI,1,VEG,,,,,,,,,,,,,,,0.15625,6.40000,64.00000,0.25000
FP,RAT,RAT_9,110,17,16,27528,10,RAT,,,,,1,GRN,1,MUS,1,NUT,,,,,,,,,,,,,,,0.15625,6.40000,64.00000,0.25000
FP,RAT,RAT_10,110,17,16,27528,10,RAT,,,,,1,MAI,1,MUS,1,NUT,,,,,,,,,,,,,,,0.15625,6.40000,64.00000,0.25000
FP,RAT,RAT_11,110,17,16,27528,10,RAT,,,,,1,GRN,1,MUS,1,VEG,,,,,,,,,,,,,,,0.15625,6.40000,64.00000,0.25000
FP,RAT,RAT_12,110,17,16,27528,10,RAT,,,,,1,MAI,1,MUS,1,VEG,,,,,,,,,,,,,,,0.15625,6.40000,64.00000,0.25000
FP,PPA,PPA_2,132,20,16,27528,4,PPA,,,,,2,ALG,1,H2O,,,,,,,,,,,,,,,,,0.18750,5.33333,21.33333,0.75000
FP,PPA,PPA_3,132,20,16,27528,4,PPA,,,,,2,BEA,1,H2O,,,,,,,,,,,,,,,,,0.18750,5.33333,21.33333,0.75000
FP,MEA,MEA,285,44,16,27528,2,MEA,,,,,2,FIM,1,MTP,,,,,,,,,,,,,,,,,0.40625,2.46154,4.92308,3.25000
FP,FIM,FIM,219,34,16,27528,2,FIM,,,,,1,HER,2,RAT,,,,,,,,,,,,,,,,,0.31250,3.20000,6.40000,2.50000
FP,FOD,FOD,219,34,16,27528,16,FOD,,,,,5,MAI,5,NUT,5,VEG,,,,,,,,,,,,,,,0.31250,3.20000,51.20000,0.31250
FRM,NUT,NUT,823,87,35,26645,12,NUT,,,,,1,H2O,,,,,,,,,,,,,,,,,,,0.93750,1.06667,12.80000,2.73438
FRM,BEA,BEA_1,137,15,35,26645,2,BEA,,,,,1,H2O,,,,,,,,,,,,,,,,,,,0.15625,6.40000,12.80000,2.73438
FRM,GRN,GRN_1,274,29,35,26645,4,GRN,,,,,1,H2O,,,,,,,,,,,,,,,,,,,0.31250,3.20000,12.80000,2.73438
FRM,RCO,RCO_1,219,23,35,26645,2,RCO,,,,,2,H2O,4,NS,,,,,,,,,,,,,,,,,0.25000,4.00000,8.00000,4.37500
FRM,RCO,RCO_2,329,35,35,26645,1,RCO,,,,,2,H2O,,,,,,,,,,,,,,,,,,,0.37500,2.66667,2.66667,13.12500
FRM,HCP,HCP_1,274,29,35,26645,4,HCP,,,,,2,H2O,,,,,,,,,,,,,,,,,,,0.31250,3.20000,12.80000,2.73438
FRM,VEG,VEG_1,247,26,35,26645,4,VEG,,,,,3,H2O,,,,,,,,,,,,,,,,,,,0.28125,3.55556,14.22222,2.46094
FRM,HER,HER,1097,116,35,26645,4,HER,,,,,1,DDT,4,H2O,,,,,,,,,,,,,,,,,1.25000,0.80000,3.20000,10.93750
FRM,MAI,MAI_1,768,81,35,26645,12,MAI,,,,,4,H2O,,,,,,,,,,,,,,,,,,,0.87500,1.14286,13.71429,2.55208
FRM,GRN,GRN_2,206,22,35,26645,4,GRN,,,,,4,H2O,,,,,,,,,,,,,,,,,,,0.23438,4.26667,17.06667,2.05078
FRM,BEA,BEA_2,219,23,35,26645,4,BEA,,,,,6,H2O,,,,,,,,,,,,,,,,,,,0.25000,4.00000,16.00000,2.18750
FS,FLO,FLO,754,110,31,48260,1,FLO,,,,,10,AL,4,STL,,,,,,,,,,,,,,,,,0.50000,2.00000,2.00000,15.50000
FS,BRO,BRO,377,55,31,48260,3,BRO,,,,,1,AL,2,CU,,,,,,,,,,,,,,,,,0.25000,4.00000,12.00000,2.58333
FS,BGC,BGC,283,41,31,48260,10,BGC,,,,,1,BGO,300,PE,,,,,,,,,,,,,,,,,0.18750,5.33333,53.33333,0.58125
FS,BCO,BCO,283,41,31,48260,10,BCO,,,,,1,CU,300,PE,,,,,,,,,,,,,,,,,0.18750,5.33333,53.33333,0.58125
FS,SFK,SFK,113,16,31,48260,16,SFK,,,,,1,FE,,,,,,,,,,,,,,,,,,,0.07500,13.33333,213.33333,0.14531
FS,HCC,HCC,283,41,31,48260,10,HCC,,,,,300,PE,1,RGO,,,,,,,,,,,,,,,,,0.18750,5.33333,53.33333,0.58125
FS,BFR,BFR,471,69,31,48260,1,BFR,,,,,1,AL,1,STL,,,,,,,,,,,,,,,,,0.31250,3.20000,3.20000,9.68750
FS,MFK,MFK,113,16,31,48260,8,MFK,,,,,1,STL,,,,,,,,,,,,,,,,,,,0.07500,13.33333,106.66667,0.29063
FS,AFR,AFR,566,82,31,48260,1,AFR,,,,,1,AL,1,ZR,,,,,,,,,,,,,,,,,0.37500,2.66667,2.66667,11.62500
FS,UTS,UTS,377,55,31,48260,1,UTS,,,,,6,FE,2,SFK,,,,,,,,,,,,,,,,,0.25000,4.00000,4.00000,7.75000
FS,SEQ,SEQ,283,41,31,48260,1,SEQ,,,,,1,HOG,2,STL,2,TI,,,,,,,,,,,,,,,0.18750,5.33333,5.33333,5.81250
FS,RGO,RGO,377,55,31,48260,5,RGO,,,,,4,AU,1,CU,,,,,,,,,,,,,,,,,0.25000,4.00000,20.00000,1.55000
FS,BGO,BGO,377,55,31,48260,5,BGO,,,,,4,AU,1,FE,,,,,,,,,,,,,,,,,0.25000,4.00000,20.00000,1.55000
GF,NG,NG,1810,345,37,96670,10,NG,,,,,10,GL,10,NCS,,,,,,,,,,,,,,,,,0.75000,1.33333,13.33333,2.74500
GF,RG,RG_1,1734,330,37,96670,10,RG,,,,,10,GL,15,PG,1,SEN,,,,,,,,,,,,,,,0.71875,1.39130,13.91304,2.63063
GF,RG,RG_2,1961,374,37,96670,10,RG,,,,,10,GL,15,PG,,,,,,,,,,,,,,,,,0.81250,1.23077,12.30769,2.97375
GF,TUB,TUB,302,57,37,96670,20,TUB,,,,,10,GL,,,,,,,,,,,,,,,,,,,0.12500,8.00000,160.00000,0.22875
GF,LIT,LIT,1207,230,37,96670,1,LIT,,,,,16,NE,8,RG,,,,,,,,,,,,,,,,,0.50000,2.00000,2.00000,18.30000
GF,GCH,GCH,1056,201,37,96670,1,GCH,,,,,1,GV,20,RG,,,,,,,,,,,,,,,,,0.43750,2.28571,2.28571,16.01250
GF,GNZ,GNZ,2262,431,37,96670,1,GNZ,,,,,1,GCH,20,RG,1,TI,,,,,,,,,,,,,,,0.93750,1.06667,1.06667,34.31250
GF,GL,GL_1,1086,207,37,96670,12,GL,,,,,1,FLX,1,NA,2,SIO,,,,,,,,,,,,,,,0.45000,2.22222,26.66667,1.37250
GF,GL,GL_2,754,144,37,96670,10,GL,,,,,1,NA,1,SEN,2,SIO,,,,,,,,,,,,,,,0.31250,3.20000,32.00000,1.14375
GF,GL,GL_3,905,172,37,96670,10,GL,,,,,1,NA,2,SIO,,,,,,,,,,,,,,,,,0.37500,2.66667,26.66667,1.37250
GF,GEN,GEN,1885,359,37,96670,1,GEN,,,,,4,GNZ,4,LFP,1,MFK,50,NG,10,THF,,,,,,,,,,,0.78125,1.28000,1.28000,28.59375
HWP,LHP,LHP,327,46,31,63932,4,LHP,,,,,12,AL,1,HE,,,,,,,,,,,,,,,,,0.18750,5.33333,21.33333,1.46250
HWP,BHP,BHP,327,46,31,63932,4,BHP,,,,,12,AL,1,HE,1,STL,,,,,,,,,,,,,,,0.18750,5.33333,21.33333,1.46250
HWP,HHP,HHP,546,76,31,63932,4,HHP,,,,,12,AL,4,AST,1,HE,,,,,,,,,,,,,,,0.31250,3.20000,12.80000,2.43750
HWP,RHP,RHP,764,107,31,63932,4,RHP,,,,,12,AL,1,HE,4,TI,,,,,,,,,,,,,,,0.43750,2.28571,9.14286,3.41250
HWP,ATP,ATP,273,38,31,63932,2,ATP,,,,,2,BOS,2,CTF,1,HE,,,,,,,,,,,,,,,0.15625,6.40000,12.80000,2.43750
HWP,BWH,BWH,327,46,31,63932,10,BWH,,,,,4,CF,2,FAL,1,HE,1,KV,,,,,,,,,,,,,0.18750,5.33333,53.33333,0.58500
HWP,AWH,AWH,546,76,31,63932,10,AWH,,,,,4,CTF,1,HE,2,TI,2,TK,,,,,,,,,,,,,0.31250,3.20000,32.00000,0.97500
HWP,AHP,AHP,982,137,31,63932,4,AHP,,,,,8,AL,10,FET,1,HE,,,,,,,,,,,,,,,0.56250,1.77778,7.11111,4.38750
HYF,RCO,RCO_3,179,89,21,128508,2,RCO,,,,,10,H2O,4,NS,,,,,,,,,,,,,,,,,0.13750,7.27273,14.54545,1.47125
HYF,HCP,HCP_2,326,163,21,128508,8,HCP,,,,,14,H2O,1,NS,,,,,,,,,,,,,,,,,0.25000,4.00000,32.00000,0.66875
HYF,VEG,VEG_2,163,81,21,128508,6,VEG,,,,,16,H2O,1,NS,,,,,,,,,,,,,,,,,0.12500,8.00000,48.00000,0.44583
HYF,ALG,ALG,367,183,21,128508,12,ALG,,,,,16,H2O,2,NS,,,,,,,,,,,,,,,,,0.28125,3.55556,42.66667,0.50156
HYF,MUS,MUS_1,245,122,21,128508,4,MUS,,,,,1,NS,,,,,,,,,,,,,,,,,,,0.18750,5.33333,21.33333,1.00313
HYF,MAI,MAI_2,653,325,21,128508,12,MAI,,,,,20,H2O,2,NS,,,,,,,,,,,,,,,,,0.50000,2.00000,24.00000,0.89167
HYF,CAF,CAF,204,102,21,128508,2,CAF,,,,,22,H2O,3,NS,,,,,,,,,,,,,,,,,0.15625,6.40000,12.80000,1.67188
HYF,MUS,MUS_2,408,203,21,128508,12,MUS,,,,,4,NS,,,,,,,,,,,,,,,,,,,0.31250,3.20000,38.40000,0.55729
INC,C,C_1,439,71,14,28408,4,C,,,,,4,GRN,,,,,,,,,,,,,,,,,,,0.62500,1.60000,6.40000,2.18750
INC,C,C_2,145,23,14,28408,4,C,,,,,2,GRN,4,HCP,2,MAI,,,,,,,,,,,,,,,0.20625,4.84848,19.39394,0.72188
INC,C,C_3,290,47,14,28408,4,C,,,,,2,GRN,4,HCP,,,,,,,,,,,,,,,,,0.41250,2.42424,9.69697,1.44375
INC,C,C_4,290,47,14,28408,4,C,,,,,4,HCP,2,MAI,,,,,,,,,,,,,,,,,0.41250,2.42424,9.69697,1.44375
INC,C,C_5,439,71,14,28408,4,C,,,,,4,HCP,,,,,,,,,,,,,,,,,,,0.62500,1.60000,6.40000,2.18750
INC,C,C_6,439,71,14,28408,4,C,,,,,4,MAI,,,,,,,,,,,,,,,,,,,0.62500,1.60000,6.40000,2.18750
IVP,RSI,RSI,2363,1308,42,468684,8,RSI,,,,,16,H2O,1,HCP,1,NS,,,,,,,,,,,,,,,0.62500,1.60000,12.80000,3.26563
IVP,MTP,MTP,1772,981,42,468684,4,MTP,,,,,1,HCP,1,NS,1,PPA,,,,,,,,,,,,,,,0.46875,2.13333,8.53333,4.89844
IVP,VG,VG,2363,1308,42,468684,20,VG,,,,,2,BAC,2,BL,4,REA,2,VIT,,,,,,,,,,,,,0.62500,1.60000,32.00000,1.30625
LAB,JUI,JUI,1096,255,37,278844,30,JUI,,,,,5,BL,5,CST,10,HEX,1,PK,,,,,,,,,,,,,0.25000,4.00000,120.00000,0.31000
LAB,BLE,BLE_1,2192,509,37,278844,4,BLE,,,,,10,NAB,2,O,3,S,,,,,,,,,,,,,,,0.50000,2.00000,8.00000,4.65000
LAB,DDT,DDT,2055,477,37,278844,3,DDT,,,,,1,C,1,CL,1,H,,,,,,,,,,,,,,,0.46875,2.13333,6.40000,5.81250
LAB,TCL,TCL,1644,382,37,278844,3,TCL,,,,,1,CL,1,H,1,O,,,,,,,,,,,,,,,0.37500,2.66667,8.00000,4.65000
LAB,NST,NST,1370,318,37,278844,4,NST,,,,,1,ALG,1,ES,1,THF,,,,,,,,,,,,,,,0.31250,3.20000,12.80000,2.90625
LAB,BL,BL,2740,636,37,278844,2,BL,,,,,1,F,1,O,,,,,,,,,,,,,,,,,0.62500,1.60000,3.20000,11.62500
LAB,BAC,BAC,6028,1400,37,278844,10,BAC,,,,,1,HCP,1,O,1,S,,,,,,,,,,,,,,,1.37500,0.72727,7.27273,5.11500
LAB,BLE,BLE_2,1370,318,37,278844,3,BLE,,,,,1,CL,1,NA,1,O,,,,,,,,,,,,,,,0.31250,3.20000,9.60000,3.87500
LAB,CST,CST,4110,955,37,278844,3,CST,,,,,1,DW,1,NS,,,,,,,,,,,,,,,,,0.93750,1.06667,3.20000,11.62500
LAB,THF,THF,2740,636,37,278844,20,THF,,,,,4,AMM,4,H2O,4,NA,,,,,,,,,,,,,,,0.62500,1.60000,32.00000,1.16250
LAB,NR,NR,2192,509,37,278844,50,NR,,,,,50,EPO,75,NCS,,,,,,,,,,,,,,,,,0.50000,2.00000,100.00000,0.37200
MCA,FAN,FAN,210,268,40,415804,8,FAN,,,,,1,AL,8,DCS,2,SFK,,,,,,,,,,,,,,,0.12500,8.00000,64.00000,0.62813
MCA,DIS,DIS,705,898,40,415804,1,DIS,,,,,3,GL,1,LCR,,,,,,,,,,,,,,,,,0.41875,2.38806,2.38806,16.83375
MCA,HD,HD,705,898,40,415804,5,HD,,,,,5,DCS,5,LDI,1,RG,,,,,,,,,,,,,,,0.41875,2.38806,11.94030,3.36675
MCA,MB,MB,316,402,40,415804,4,MB,,,,,4,MPC,4,PSM,4,RAM,4,SFK,,,,,,,,,,,,,0.18750,5.33333,21.33333,1.88438
ORC,PIB,PIB_1,1160,1115,130,484072,12,PIB,,,,,1,DDT,20,H2O,2,SOI,,,,,,,,,,,,,,,0.43750,2.28571,27.42857,4.73229
ORC,GRA,GRA_1,1326,1274,130,484072,6,GRA,,,,,1,DDT,30,H2O,3,SOI,,,,,,,,,,,,,,,0.50000,2.00000,12.00000,10.81667
ORC,PIB,PIB_2,1326,1274,130,484072,10,PIB,,,,,1,DDT,30,H2O,,,,,,,,,,,,,,,,,0.50000,2.00000,20.00000,6.49000
ORC,GRA,GRA_2,1657,1593,130,484072,5,GRA,,,,,1,DDT,40,H2O,,,,,,,,,,,,,,,,,0.62500,1.60000,8.00000,16.22500
ORC,HOP,HOP_1,2900,2787,130,484072,18,HOP,,,,,2,DDT,40,H2O,4,SOI,,,,,,,,,,,,,,,1.09375,0.91429,16.45714,7.88715
ORC,HOP,HOP_2,3314,3186,130,484072,15,HOP,,,,,2,DDT,60,H2O,,,,,,,,,,,,,,,,,1.25000,0.80000,12.00000,10.81667
PAC,EBU,EBU,273,132,42,146724,1,EBU,,,,,100,DW,70,FIM,10,GIN,2,HSS,5,MED,1,PDA,160,PE,4,PSS,2,VG,,,0.17500,5.71429,5.71429,7.31500
PAC,CBU,CBU,292,141,42,146724,1,CBU,,,,,100,DW,2,LC,70,MEA,5,MED,1,NST,280,PE,8,PSS,10,WIN,1,WS,,,0.18750,5.33333,5.33333,7.83750
PAC,PBU,PBU,195,94,42,146724,1,PBU,,,,,5,COF,40,DW,5,OVE,50,PE,2,PWO,40,RAT,,,,,,,,,0.12500,8.00000,8.00000,5.22500
PAC,SBU,SBU,214,104,42,146724,1,SBU,,,,,50,DW,5,EXO,10,KOM,100,PE,5,PT,60,RAT,2,REP,,,,,,,0.13750,7.27273,7.27273,5.74750
PAC,TBU,TBU,243,118,42,146724,1,TBU,,,,,10,ALE,75,DW,5,HMS,5,MED,40,PE,1,PSS,70,RAT,1,SC,1,SCN,,,0.15625,6.40000,6.40000,6.53125
PHF,ADR,ADR,1184,533,42,207930,1,ADR,,,,,1,BSC,2,DCM,4,MFK,20,REA,,,,,,,,,,,,,0.56250,1.77778,1.77778,23.34375
PHF,BSC,BSC,1184,533,42,207930,1,BSC,,,,,1,DCM,1,MFK,1,SAR,,,,,,,,,,,,,,,0.56250,1.77778,1.77778,23.34375
PHF,BND,BND,263,119,42,207930,20,BND,,,,,1,NL,1,SIL,,,,,,,,,,,,,,,,,0.12500,8.00000,160.00000,0.25938
PHF,PK,PK,434,196,42,207930,10,PK,,,,,2,CA,4,LI,10,REA,,,,,,,,,,,,,,,0.20625,4.84848,48.48485,0.85594
POL,DEC,DEC,290,111,19,70547,1,DEC,,,,,70,EPO,150,PG,,,,,,,,,,,,,,,,,0.31250,3.20000,3.20000,5.93750
POL,EPO,EPO,581,223,19,70547,50,EPO,,,,,1,C,1,CL,1,H,1,O,,,,,,,,,,,,,0.62500,1.60000,80.00000,0.23750
POL,PG,PG,203,78,19,70547,50,PG,,,,,1,C,1,H,1,MG,,,,,,,,,,,,,,,0.21875,4.57143,228.57143,0.08313
PP1,BDE,BDE_1,263,22,27,37076,1,BDE,,,,,150,PE,,,,,,,,,,,,,,,,,,,0.18750,5.33333,5.33333,5.06250
PP1,BSE,BSE_1,219,18,27,37076,1,BSE,,,,,1,FE,2,LST,,,,,,,,,,,,,,,,,0.15625,6.40000,6.40000,4.21875
PP1,BTA,BTA_1,132,11,27,37076,1,BTA,,,,,1,FE,50,PE,,,,,,,,,,,,,,,,,0.09375,10.66667,10.66667,2.53125
PP1,BBH,BBH_1,290,24,27,37076,1,BBH,,,,,2,FE,1,LST,,,,,,,,,,,,,,,,,0.20625,4.84848,4.84848,5.56875
PP2,LSE,LSE,186,32,31,45893,1,LSE,,,,,3,AL,120,PG,,,,,,,,,,,,,,,,,0.15625,6.40000,6.40000,4.76563
PP2,BSE,BSE_2,164,28,31,45893,1,BSE,,,,,1,AL,2,LST,,,,,,,,,,,,,,,,,0.13750,7.27273,7.27273,4.19375
PP2,LTA,LTA,186,32,31,45893,1,LTA,,,,,1,AL,5,GL,,,,,,,,,,,,,,,,,0.15625,6.40000,6.40000,4.76563
PP2,BTA,BTA_2,112,19,31,45893,1,BTA,,,,,1,AL,1,GL,,,,,,,,,,,,,,,,,0.09375,10.66667,10.66667,2.85938
PP2,BBH,BBH_2,186,32,31,45893,1,BBH,,,,,2,AL,1,LST,,,,,,,,,,,,,,,,,0.15625,6.40000,6.40000,4.76563
PP2,LBH,LBH,186,32,31,45893,1,LBH,,,,,3,AL,35,PE,,,,,,,,,,,,,,,,,0.15625,6.40000,6.40000,4.76563
PP2,LDE,LDE,186,32,31,45893,1,LDE,,,,,3,AL,1,NL,,,,,,,,,,,,,,,,,0.15625,6.40000,6.40000,4.76563
PP2,BDE,BDE_2,186,32,31,45893,1,BDE,,,,,40,PG,,,,,,,,,,,,,,,,,,,0.15625,6.40000,6.40000,4.76563
PP2,AEF,AEF,373,64,31,45893,1,AEF,,,,,1,NE,50,PG,,,,,,,,,,,,,,,,,0.31250,3.20000,3.20000,9.53125
PP3,INS,INS,432,89,40,158268,24,INS,,,,,1,AR,100,PE,1,THF,,,,,,,,,,,,,,,0.15625,6.40000,153.60000,0.26042
PP3,RBH,RBH,691,142,40,158268,1,RBH,,,,,1,BBH,50,EPO,1,STL,,,,,,,,,,,,,,,0.25000,4.00000,4.00000,10.00000
PP3,RDE,RDE,1209,248,40,158268,2,RDE,,,,,100,EPO,1,KV,1,LDE,,,,,,,,,,,,,,,0.43750,2.28571,4.57143,8.75000
PP3,RTA,RTA,691,142,40,158268,1,RTA,,,,,1,LTA,6,RG,,,,,,,,,,,,,,,,,0.25000,4.00000,4.00000,10.00000
PP3,MGC,MGC,1900,390,40,158268,1,MGC,,,,,1,LDE,1,MAG,,,,,,,,,,,,,,,,,0.68750,1.45455,1.45455,27.50000
PP3,PSH,PSH,691,142,40,158268,1,PSH,,,,,250,NFI,1,TI,,,,,,,,,,,,,,,,,0.25000,4.00000,4.00000,10.00000
PP3,RSE,RSE,1209,248,40,158268,2,RSE,,,,,2,BSE,225,EPO,1,STL,,,,,,,,,,,,,,,0.43750,2.28571,4.57143,8.75000
PP3,HSE,HSE,691,142,40,158268,2,HSE,,,,,2,LSE,1,TCS,,,,,,,,,,,,,,,,,0.25000,4.00000,8.00000,5.00000
PP4,TSH,TSH,3000,1064,50,707628,1,TSH,,,,,2,LBH,150,PE,2,THP,,,,,,,,,,,,,,,0.37500,2.66667,2.66667,18.90000
PP4,ASE,ASE,2750,975,50,707628,1,ASE,,,,,1,RSE,2,TI,,,,,,,,,,,,,,,,,0.34375,2.90909,2.90909,17.32500
PP4,ATA,ATA,2750,975,50,707628,1,ATA,,,,,1,NG,1,RTA,,,,,,,,,,,,,,,,,0.34375,2.90909,2.90909,17.32500
PP4,RSH,RSH,4500,1595,50,707628,1,RSH,,,,,1,LST,1,STL,1,TA,,,,,,,,,,,,,,,0.56250,1.77778,1.77778,28.35000
PP4,ADE,ADE,3000,1064,50,707628,2,ADE,,,,,2,KV,2,LDE,,,,,,,,,,,,,,,,,0.37500,2.66667,5.33333,9.45000
PP4,ABH,ABH,3500,1241,50,707628,2,ABH,,,,,125,NR,2,RBH,,,,,,,,,,,,,,,,,0.43750,2.28571,4.57143,11.02500
PPF,PSS,PSS,189,34,22,57080,1,PSS,,,,,10,PG,,,,,,,,,,,,,,,,,,,0.12500,8.00000,8.00000,2.75000
PPF,LFP,LFP,471,84,22,57080,1,LFP,,,,,50,PG,1,SFK,10,THF,,,,,,,,,,,,,,,0.31250,3.20000,3.20000,6.87500
PPF,PSM,PSM,377,67,22,57080,1,PSM,,,,,20,PG,,,,,,,,,,,,,,,,,,,0.25000,4.00000,4.00000,5.50000
PPF,DCL,DCL,660,118,22,57080,2,DCL,,,,,2,MFK,40,PG,2,PSL,,,,,,,,,,,,,,,0.43750,2.28571,4.57143,4.81250
PPF,DCM,DCM,471,84,22,57080,2,DCM,,,,,20,PG,2,PSM,8,SFK,,,,,,,,,,,,,,,0.31250,3.20000,6.40000,3.43750
PPF,PSL,PSL,566,101,22,57080,1,PSL,,,,,40,PG,,,,,,,,,,,,,,,,,,,0.37500,2.66667,2.66667,8.25000
PPF,DCS,DCS,283,50,22,57080,2,DCS,,,,,10,PG,1,PSS,4,SFK,,,,,,,,,,,,,,,0.18750,5.33333,10.66667,2.06250
REF,SF,SF_1,155,20,33,54582,100,SF,,,,,1,AMM,2,GAL,3,H,,,,,,,,,,,,,,,0.09375,10.66667,1066.66667,0.03131
REF,SF,SF_2,414,55,33,54582,150,SF,,,,,1,AMM,5,NAB,,,,,,,,,,,,,,,,,0.25000,4.00000,600.00000,0.05567
REF,FF,FF,155,20,33,54582,100,FF,,,,,4,H,2,HE3,,,,,,,,,,,,,,,,,0.09375,10.66667,1066.66667,0.03131
REF,HE3,HE3,259,34,33,54582,2,HE3,,,,,3,TS,,,,,,,,,,,,,,,,,,,0.15625,6.40000,12.80000,2.60938
RIG,,,66,14,13,25611,,,,,,,,,,,,,,,,,,,,,,,,,,,0.12500,8.00000,0.00000,#DIV/0!
SCA,ROM,ROM,304,336,39,361536,10,ROM,,,,,10,BGC,10,PSS,10,SI,,,,,,,,,,,,,,,0.18750,5.33333,53.33333,0.73500
SCA,MPC,MPC,425,470,39,361536,10,MPC,,,,,10,BCO,10,SWF,10,TRN,,,,,,,,,,,,,,,0.26250,3.80952,38.09524,1.02900
SCA,PCB,PCB,284,313,39,361536,5,PCB,,,,,5,BCO,1,BGO,60,PE,10,SWF,,,,,,,,,,,,,0.17500,5.71429,28.57143,1.37200
SCA,SEN,SEN,294,324,39,361536,20,SEN,,,,,10,H,10,N,20,TRN,,,,,,,,,,,,,,,0.18125,5.51724,110.34483,0.35525
SCA,TPU,TPU,658,727,39,361536,4,TPU,,,,,4,CAP,4,HCC,4,MWF,4,TRN,,,,,,,,,,,,,0.40625,2.46154,9.84615,3.98125
SCA,RAM,RAM,425,470,39,361536,6,RAM,,,,,6,BCO,6,CAP,6,PSS,,,,,,,,,,,,,,,0.26250,3.80952,22.85714,1.71500
SD,BAI,BAI,3376,1457,27,275560,1,BAI,,,,,,,,,,,,,,,,,,,,,,,,,1.25000,0.80000,0.80000,33.75000
SD,LD,LD,2532,1093,27,275560,1,LD,,,,,,,,,,,,,,,,,,,,,,,,,0.93750,1.06667,1.06667,25.31250
SD,MLI,MLI,5063,2185,27,275560,1,MLI,,,,,,,,,,,,,,,,,,,,,,,,,1.87500,0.53333,0.53333,50.62500
SD,NF,NF,2532,1093,27,275560,1,NF,,,,,,,,,,,,,,,,,,,,,,,,,0.93750,1.06667,1.06667,25.31250
SD,SA,SA,1688,728,27,275560,1,SA,,,,,,,,,,,,,,,,,,,,,,,,,0.62500,1.60000,1.60000,16.87500
SD,SAL,SAL,1688,728,27,275560,1,SAL,,,,,,,,,,,,,,,,,,,,,,,,,0.62500,1.60000,1.60000,16.87500
SD,WM,WM,3376,1457,27,275560,1,WM,,,,,,,,,,,,,,,,,,,,,,,,,1.25000,0.80000,0.80000,33.75000
SE,NN,NN,5474,2423,25,609820,1,NN,,,,,1,BAI,1,MLI,,,,,,,,,,,,,,,,,0.93750,1.06667,1.06667,23.25000
SE,OS,OS,7299,3231,25,609820,1,OS,,,,,1,LD,1,ROM,1,WM,,,,,,,,,,,,,,,1.25000,0.80000,0.80000,31.00000
SE,DD,DD,7299,3231,25,609820,1,DD,,,,,1,LD,1,NF,,,,,,,,,,,,,,,,,1.25000,0.80000,0.80000,31.00000
SE,DA,DA,5474,2423,25,609820,1,DA,,,,,1,LD,1,ROM,1,SA,1,SAL,,,,,,,,,,,,,0.93750,1.06667,1.06667,23.25000
SE,DV,DV,5474,2423,25,609820,1,DV,,,,,,,,,,,,,,,,,,,,,,,,,0.93750,1.06667,1.06667,23.25000
SE,EDC,EDC,3649,1616,25,609820,1,EDC,,,,,,,,,,,,,,,,,,,,,,,,,0.62500,1.60000,1.60000,15.50000
SKF,WCB,WCB,873,116,46,61792,1,WCB,,,,,100,AST,100,FET,20,MFK,,,,,,,,,,,,,,,0.50000,2.00000,2.00000,23.10000
SKF,MCB,MCB,710,94,46,61792,1,MCB,,,,,100,AST,16,MFK,,,,,,,,,,,,,,,,,0.40625,2.46154,2.46154,18.76875
SKF,MFL,MFL,546,72,46,61792,1,MFL,,,,,4,MFK,10,ZR,,,,,,,,,,,,,,,,,0.31250,3.20000,3.20000,14.43750
SKF,LSL,LSL,982,130,46,61792,1,LSL,,,,,125,FET,8,MFK,,,,,,,,,,,,,,,,,0.56250,1.77778,1.77778,25.98750
SKF,LCB,LCB,819,109,46,61792,1,LCB,,,,,200,AST,20,MFK,,,,,,,,,,,,,,,,,0.46875,2.13333,2.13333,21.65625
SKF,VCB,VCB,873,116,46,61792,1,VCB,,,,,200,FET,20,MFK,,,,,,,,,,,,,,,,,0.50000,2.00000,2.00000,23.10000
SKF,TCB,TCB,437,58,46,61792,1,TCB,,,,,20,FE,4,MFK,,,,,,,,,,,,,,,,,0.25000,4.00000,4.00000,11.55000
SKF,SSL,SSL,546,72,46,61792,1,SSL,,,,,2,MFK,20,TI,,,,,,,,,,,,,,,,,0.31250,3.20000,3.20000,14.43750
SKF,LFL,LFL,764,101,46,61792,1,LFL,,,,,8,MFK,20,ZR,,,,,,,,,,,,,,,,,0.43750,2.28571,2.28571,20.21250
SKF,VSC,VSC,546,72,46,61792,1,VSC,,,,,35,FE,8,MFK,,,,,,,,,,,,,,,,,0.31250,3.20000,3.20000,14.43750
SKF,SCB,SCB,655,87,46,61792,1,SCB,,,,,50,FAL,12,MFK,,,,,,,,,,,,,,,,,0.37500,2.66667,2.66667,17.32500
SKF,MSL,MSL,764,101,46,61792,1,MSL,,,,,50,FET,4,MFK,,,,,,,,,,,,,,,,,0.43750,2.28571,2.28571,20.21250
SKF,SFL,SFL,327,43,46,61792,1,SFL,,,,,1,MFK,5,ZR,,,,,,,,,,,,,,,,,0.18750,5.33333,5.33333,8.66250
SKF,HCB,HCB,2183,289,46,61792,1,HCB,,,,,100,MFK,600,WAL,,,,,,,,,,,,,,,,,1.25000,0.80000,0.80000,57.75000
SL,IMM,IMM,6626,3027,24,763120,1,IMM,,,,,1,DA,1,DD,,,,,,,,,,,,,,,,,0.93750,1.06667,1.06667,22.12500
SL,WAI,WAI,8835,4036,24,763120,1,WAI,,,,,1,NN,1,ROM,,,,,,,,,,,,,,,,,1.25000,0.80000,0.80000,29.50000
SL,SNM,SNM,8835,4036,24,763120,2,SNM,,,,,1,DV,1,IMM,1,WAI,,,,,,,,,,,,,,,1.25000,0.80000,1.60000,14.75000
SL,IDC,IDC,4417,2018,24,763120,1,IDC,,,,,,,,,,,,,,,,,,,,,,,,,0.62500,1.60000,1.60000,14.75000
SME,LI,LI,362,67,22,39325,4,LI,,,,,4,HAL,10,LIO,,,,,,,,,,,,,,,,,0.41250,2.42424,9.69697,2.26875
SME,AU,AU,247,46,22,39325,2,AU,,,,,3,AUO,1,C,,,,,,,,,,,,,,,,,0.28125,3.55556,7.11111,3.09375
SME,S,S,165,31,22,39325,6,S,,,,,1,O,1,SCR,,,,,,,,,,,,,,,,,0.18750,5.33333,32.00000,0.68750
SME,STL,STL,192,36,22,39325,2,STL,,,,,2,FE,8,O,,,,,,,,,,,,,,,,,0.21875,4.57143,9.14286,2.40625
SME,SI,SI_1,82,15,22,39325,1,SI,,,,,1,AL,3,SIO,,,,,,,,,,,,,,,,,0.09375,10.66667,10.66667,2.06250
SME,SI,SI_2,66,12,22,39325,1,SI,,,,,1,C,1,FLX,1,O,3,SIO,,,,,,,,,,,,,0.07500,13.33333,13.33333,1.65000
SME,SI,SI_3,110,20,22,39325,1,SI,,,,,1,C,1,O,3,SIO,,,,,,,,,,,,,,,0.12500,8.00000,8.00000,2.75000
SME,CF,CF,219,41,22,39325,1,CF,,,,,4,AL,2,O,1,SI,,,,,,,,,,,,,,,0.25000,4.00000,4.00000,5.50000
SME,TI,TI,411,77,22,39325,2,TI,,,,,1,C,1,O,4,TIO,,,,,,,,,,,,,,,0.46875,2.13333,4.26667,5.15625
SME,SI,SI_4,66,12,22,39325,1,SI,,,,,1,AL,1,O,4,TS,,,,,,,,,,,,,,,0.07500,13.33333,13.33333,1.65000
SME,CU,CU,274,51,22,39325,3,CU,,,,,5,CUO,10,O,1,SIO,,,,,,,,,,,,,,,0.31250,3.20000,9.60000,2.29167
SME,AL,AL_1,274,51,22,39325,3,AL,,,,,6,ALO,1,C,1,O,,,,,,,,,,,,,,,0.31250,3.20000,9.60000,2.29167
SME,AL,AL_2,329,61,22,39325,4,AL,,,,,6,ALO,1,C,1,FLX,1,O,,,,,,,,,,,,,0.37500,2.66667,10.66667,2.06250
SME,FE,FE_1,329,61,22,39325,4,FE,,,,,1,C,6,FEO,1,FLX,1,O,,,,,,,,,,,,,0.37500,2.66667,10.66667,2.06250
SME,FE,FE_2,274,51,22,39325,3,FE,,,,,1,C,6,FEO,1,O,,,,,,,,,,,,,,,0.31250,3.20000,9.60000,2.29167
SPF,NOZ,NOZ,5250,921,52,953280,1,NOZ,,,,,1,CHA,10,FAL,2,MFK,,,,,,,,,,,,,,,0.31250,3.20000,3.20000,16.12500
SPF,HPR,HPR,52498,9209,52,953280,1,HPR,,,,,1,CBM,1,FIR,20,STL,,,,,,,,,,,,,,,3.12500,0.32000,0.32000,161.25000
SPF,RCT,RCT,27299,4789,52,953280,1,RCT,,,,,10,AST,1,CBS,1,RAG,,,,,,,,,,,,,,,1.62500,0.61538,0.61538,83.85000
SPF,QCR,QCR,31499,5525,52,953280,1,QCR,,,,,20,BGO,1,CBS,1,RAG,,,,,,,,,,,,,,,1.87500,0.53333,0.53333,96.75000
SPF,AFP,AFP,4200,737,52,953280,1,AFP,,,,,10,ATP,50,PG,1,SFK,,,,,,,,,,,,,,,0.25000,4.00000,4.00000,12.90000
SPF,BFP,BFP,3150,553,52,953280,1,BFP,,,,,50,PG,1,SFK,5,THP,,,,,,,,,,,,,,,0.18750,5.33333,5.33333,9.67500
SPF,ANZ,ANZ,7350,1289,52,953280,1,ANZ,,,,,1,CHA,20,FET,4,MFK,,,,,,,,,,,,,,,0.43750,2.28571,2.28571,22.57500
SPF,HNZ,HNZ,9450,1658,52,953280,1,HNZ,,,,,1,CHA,4,MFK,20,WAL,,,,,,,,,,,,,,,0.56250,1.77778,1.77778,29.02500
SPF,HYR,HYR,73497,12892,52,953280,1,HYR,,,,,1,CBL,2,FIR,20,WAL,,,,,,,,,,,,,,,4.37500,0.22857,0.22857,225.75000
SPF,AEN,AEN,20999,3683,52,953280,1,AEN,,,,,1,ACS,4,AFP,4,ANZ,20,FET,1,MFK,,,,,,,,,,,1.25000,0.80000,0.80000,64.50000
SPF,ENG,ENG,8400,1473,52,953280,1,ENG,,,,,1,ACS,10,AST,4,BFP,1,MFK,4,NOZ,,,,,,,,,,,0.50000,2.00000,2.00000,25.80000
SPF,FSE,FSE,10500,1842,52,953280,1,FSE,,,,,1,ACS,25,BRO,6,LFP,1,MFK,6,NOZ,,,,,,,,,,,0.62500,1.60000,1.60000,32.25000
SPF,HTE,HTE,41998,7367,52,953280,1,HTE,,,,,1,ACS,8,AFP,4,HNZ,1,MFK,20,WAL,,,,,,,,,,,2.50000,0.40000,0.40000,129.00000
SPP,AGS,AGS,10674,4136,72,805860,1,AGS,,,,,20,AST,100,PG,8,TK,,,,,,,,,,,,,,,1.25000,0.80000,0.80000,89.75000
SPP,APT,APT,2669,1034,72,805860,12,APT,,,,,5,ATP,30,THF,,,,,,,,,,,,,,,,,0.31250,3.20000,38.40000,1.86979
SPP,BRP,BRP,2135,827,72,805860,12,BRP,,,,,2,KV,5,LST,,,,,,,,,,,,,,,,,0.25000,4.00000,48.00000,1.49583
SPP,ARP,ARP,2669,1034,72,805860,10,ARP,,,,,5,LST,2,TK,,,,,,,,,,,,,,,,,0.31250,3.20000,32.00000,2.24375
SPP,SRP,SRP,2669,1034,72,805860,10,SRP,,,,,5,LST,5,TA,5,W,,,,,,,,,,,,,,,0.31250,3.20000,32.00000,2.24375
SPP,BPT,BPT,1868,724,72,805860,12,BPT,,,,,20,THF,5,THP,,,,,,,,,,,,,,,,,0.21875,4.57143,54.85714,1.30885
SPP,BGS,BGS,8006,3102,72,805860,1,BGS,,,,,14,FAL,4,KV,80,PG,,,,,,,,,,,,,,,0.93750,1.06667,1.06667,67.31250
TNP,ETC,ETC,2160,651,41,339396,1,ETC,,,,,4,FLX,4,REA,1,TC,,,,,,,,,,,,,,,0.50000,2.00000,2.00000,20.60000
TNP,TC,TC,1836,553,41,339396,1,TC,1,O,,,1,TCO,,,,,,,,,,,,,,,,,,,0.42500,2.35294,2.35294,17.51000
TNP,TCS,TCS,1350,407,41,339396,3,TCS,,,,,1,TC,,,,,,,,,,,,,,,,,,,0.31250,3.20000,9.60000,4.29167
UPF,BR1,BR1,4648,967,58,82284,1,BR1,,,,,1,COM,10,FET,1,NV1,10,PSL,20,PSM,5,SAR,,,,,,,,,2.50000,0.40000,0.40000,145.00000
UPF,BR2,BR2,5810,1209,58,82284,1,BR2,,,,,1,COM,10,FET,1,NV2,10,PSL,20,PSM,10,SAR,,,,,,,,,3.12500,0.32000,0.32000,181.25000
UPF,CQM,CQM,2905,604,58,82284,1,CQM,,,,,10,DEC,1,LIS,10,PSL,20,PSM,1,TCU,10,TI,,,,,,,,,1.56250,0.64000,0.64000,90.62500
UPF,BRS,BRS,3486,725,58,82284,1,BRS,,,,,10,PSL,20,PSM,4,RAD,5,SAR,10,TI,,,,,,,,,,,1.87500,0.53333,0.53333,108.75000
UPF,DOU,DOU,2092,435,58,82284,1,DOU,,,,,1,COM,10,PSL,4,SAR,,,,,,,,,,,,,,,1.12500,0.88889,0.88889,65.25000
UPF,TCU,TCU,1859,387,58,82284,1,TCU,,,,,1,ADR,12,PSL,8,PSM,,,,,,,,,,,,,,,1.00000,1.00000,1.00000,58.00000
UPF,FUN,FUN,2556,532,58,82284,1,FUN,,,,,1,BID,1,BWS,4,PCB,8,PSL,,,,,,,,,,,,,1.37500,0.72727,0.72727,79.75000
UPF,LU,LU,1743,363,58,82284,1,LU,,,,,1,DA,10,PSL,6,PSM,1,WS,,,,,,,,,,,,,0.93750,1.06667,1.06667,54.37500
UPF,CQL,CQL,3486,725,58,82284,1,CQL,,,,,20,DEC,20,FET,1,LIS,20,PSL,30,PSM,1,TCU,,,,,,,,,1.87500,0.53333,0.53333,108.75000
UPF,RDS,RDS,3486,725,58,82284,1,RDS,,,,,20,PSL,30,PSM,4,SRD,,,,,,,,,,,,,,,1.87500,0.53333,0.53333,108.75000
UPF,WOR,WOR,2092,435,58,82284,1,WOR,,,,,20,PSL,12,PSM,6,UTS,,,,,,,,,,,,,,,1.12500,0.88889,0.88889,65.25000
UPF,CQT,CQT,1975,411,58,82284,1,CQT,,,,,5,AL,1,BMF,1,DEC,2,PSL,5,PSM,1,TCU,,,,,,,,,1.06250,0.94118,0.94118,61.62500
UPF,RDL,RDL,5810,1209,58,82284,1,RDL,,,,,30,PSL,50,PSM,8,SRD,,,,,,,,,,,,,,,3.12500,0.32000,0.32000,181.25000
UPF,SU,SU,2324,484,58,82284,1,SU,,,,,2,BSC,10,NG,12,PSL,8,PSM,4,SEQ,,,,,,,,,,,1.25000,0.80000,0.80000,72.50000
UPF,CQS,CQS,2324,484,58,82284,1,CQS,,,,,2,DEC,5,FAL,1,LIS,5,PSL,10,PSM,1,TCU,,,,,,,,,1.25000,0.80000,0.80000,72.50000
UPF,HAB,HAB,2324,484,58,82284,1,HAB,,,,,6,BBH,10,BDE,10,BSE,50,SOI,,,,,,,,,,,,,1.25000,0.80000,0.80000,72.50000
WEL,CHA,CHA,346,47,26,44079,1,CHA,,,,,10,BOS,1,GV,1,HE,,,,,,,,,,,,,,,0.28125,3.55556,3.55556,7.31250
WEL,FC,FC,307,42,26,44079,1,FC,,,,,1,AL,1,BSE,1,HE,,,,,,,,,,,,,,,0.25000,4.00000,4.00000,6.50000
WEL,GV,GV,192,26,26,44079,1,GV,,,,,1,AL,1,HE,,,,,,,,,,,,,,,,,0.15625,6.40000,6.40000,4.06250
WEL,GC,GC,230,32,26,44079,10,GC,,,,,1,AL,1,FE,1,HE,,,,,,,,,,,,,,,0.18750,5.33333,53.33333,0.48750
WEL,FLP,FLP,384,53,26,44079,6,FLP,,,,,1,AL,1,FE,1,HE,,,,,,,,,,,,,,,0.31250,3.20000,19.20000,1.35417
WEL,MHL,MHL,538,74,26,44079,1,MHL,,,,,1,FE,1,HE,1,I,,,,,,,,,,,,,,,0.43750,2.28571,2.28571,11.37500
WEL,SSC,SSC,77,11,26,44079,6,SSC,,,,,2,AL,1,HE,20,NFI,,,,,,,,,,,,,,,0.06250,16.00000,96.00000,0.27083
WEL,TRU,TRU,154,21,26,44079,6,TRU,,,,,2,AL,1,HE,,,,,,,,,,,,,,,,,0.12500,8.00000,48.00000,0.54167
WEL,THP,THP,138,19,26,44079,4,THP,,,,,2,BE,2,CF,1,HE,,,,,,,,,,,,,,,0.11250,8.88889,35.55556,0.73125
WEL,DRF,DRF_2,77,11,26,44079,1,DRF,,,,,6,AL,1,HE,,,,,,,,,,,,,,,,,0.06250,16.00000,16.00000,1.62500
WPL,TK,TK,1188,224,48,83810,1,TK,,,,,1,KV,1,TC,,,,,,,,,,,,,,,,,0.56250,1.77778,1.77778,27.22500
WPL,COT,COT,396,75,48,83810,1,COT,,,,,1,RCO,,,,,,,,,,,,,,,,,,,0.18750,5.33333,5.33333,9.07500
WPL,SIL,SIL,660,124,48,83810,1,SIL,,,,,1,RSI,,,,,,,,,,,,,,,,,,,0.31250,3.20000,3.20000,15.12500
WPL,NL,NL,660,124,48,83810,1,NL,,,,,50,PG,,,,,,,,,,,,,,,,,,,0.31250,3.20000,3.20000,15.12500
WPL,KV,KV,1056,199,48,83810,1,KV,,,,,75,PG,5,TCL,,,,,,,,,,,,,,,,,0.50000,2.00000,2.00000,24.20000